{
	"credit": "Made with Blockbench",
	"parent": "carved_pumpkin",
	"textures": {
		"0": "item/fadora_mask",
		"1": "item/flashlight",
		"2": "item/wire",
		"4": "item/helmet",
		"5": "item/texture",
		"particle": "item/fadora_mask"
	},
	"elements": [
		{
			"name": "top part",
			"from": [3.7, 11.9, 3.7],
			"to": [11.9, 14.1, 11.9],
			"rotation": {"angle": 0, "axis": "y", "origin": [10, 12.35, 5.66275]},
			"faces": {
				"north": {"uv": [6.5, 1, 8.75, 2], "texture": "#0"},
				"east": {"uv": [4.25, 4.5, 6.5, 5.5], "texture": "#0"},
				"south": {"uv": [6.5, 4, 8.75, 5], "texture": "#0"},
				"west": {"uv": [6.5, 3, 8.75, 4], "texture": "#0"},
				"up": {"uv": [4.25, 0, 6.5, 2.25], "texture": "#0"},
				"down": {"uv": [4.25, 2.25, 6.5, 4.5], "texture": "#0"}
			}
		},
		{
			"name": "Band",
			"from": [3.4, 11.724, 3.4],
			"to": [12.2, 13.524, 12.2],
			"rotation": {"angle": 0, "axis": "y", "origin": [10, 12.35, 5.66275]},
			"faces": {
				"north": {"uv": [0, 10, 3, 10.75], "texture": "#0"},
				"east": {"uv": [0, 10, 3, 10.75], "texture": "#0"},
				"south": {"uv": [0, 10, 3, 10.75], "texture": "#0"},
				"west": {"uv": [0, 8.75, 5.5, 10], "texture": "#0"},
				"up": {"uv": [4.25, 5.5, 6.5, 7.75], "texture": "#0"},
				"down": {"uv": [0, 4.25, 4.25, 8.5], "texture": "#0"}
			}
		},
		{
			"name": "Brim",
			"from": [-0.2, 11.7, -0.2],
			"to": [15.8, 11.7, 15.8],
			"rotation": {"angle": 0, "axis": "y", "origin": [10, 12.35, 5.66275]},
			"faces": {
				"up": {"uv": [0, 0, 4.25, 4.25], "rotation": 270, "texture": "#0"},
				"down": {"uv": [0, 0, 4.25, 4.25], "rotation": 90, "texture": "#0"}
			}
		},
		{
			"name": "Cross",
			"from": [6.8, 10.60388, 3.11727],
			"to": [8.8, 12.60388, 3.11727],
			"rotation": {"angle": 22.5, "axis": "x", "origin": [10, 12.35, 5.66275]},
			"faces": {
				"north": {"uv": [9.25, 0, 15.5, 8.75], "texture": "#0"},
				"south": {"uv": [9.25, 0, 15.5, 8.75], "texture": "#0"}
			}
		},
		{
			"from": [12.4, 11.7, 6.5],
			"to": [12, 13.3, 6.1],
			"rotation": {"angle": 0, "axis": "y", "origin": [10, 12.35, 5.66275]},
			"faces": {
				"north": {"uv": [0, 10, 0.25, 10.75], "texture": "#0"},
				"east": {"uv": [0.25, 10, 0.5, 10.75], "texture": "#0"},
				"south": {"uv": [2.75, 10, 3, 10.75], "texture": "#0"},
				"west": {"uv": [2.75, 9.93023, 3, 10.75], "texture": "#0"},
				"up": {"uv": [4.25, 2.25, 6.5, 4.5], "texture": "#0"}
			}
		},
		{
			"from": [12.4, 11.7, 7.5],
			"to": [12, 13.3, 7.1],
			"rotation": {"angle": 0, "axis": "y", "origin": [10, 12.35, 5.66275]},
			"faces": {
				"north": {"uv": [0, 10, 0.25, 10.75], "texture": "#0"},
				"east": {"uv": [0.25, 10, 0.5, 10.75], "texture": "#0"},
				"south": {"uv": [2.75, 10, 3, 10.75], "texture": "#0"},
				"west": {"uv": [2.75, 9.93023, 3, 10.75], "texture": "#0"},
				"up": {"uv": [4.25, 2.25, 6.5, 4.5], "texture": "#0"}
			}
		},
		{
			"from": [12.4, 11.7, 8.5],
			"to": [12, 13.3, 8.1],
			"rotation": {"angle": 0, "axis": "y", "origin": [10, 12.35, 5.66275]},
			"faces": {
				"north": {"uv": [0, 10, 0.25, 10.75], "texture": "#0"},
				"east": {"uv": [0.25, 10, 0.5, 10.75], "texture": "#0"},
				"south": {"uv": [2.75, 10, 3, 10.75], "texture": "#0"},
				"west": {"uv": [2.75, 9.93023, 3, 10.75], "texture": "#0"},
				"up": {"uv": [4.25, 2.25, 6.5, 4.5], "texture": "#0"}
			}
		},
		{
			"name": "cable",
			"from": [5.1, 8.3065, 12.4],
			"to": [6.2, 8.4065, 12.5],
			"rotation": {"angle": -45, "axis": "z", "origin": [5.15, 8.3565, 12.45]},
			"faces": {
				"north": {"uv": [6, 12, 8, 13], "texture": "#2"},
				"east": {"uv": [14, 6, 15, 7], "texture": "#2"},
				"south": {"uv": [12, 6, 14, 7], "texture": "#2"},
				"west": {"uv": [8, 14, 9, 15], "texture": "#2"},
				"up": {"uv": [10, 13, 8, 12], "texture": "#2"},
				"down": {"uv": [14, 8, 12, 9], "texture": "#2"}
			}
		},
		{
			"name": "cable",
			"from": [5.15, 8.4815, 12.4],
			"to": [6.35, 8.5815, 12.5],
			"rotation": {"angle": -45, "axis": "z", "origin": [5.1, 8.5315, 12.45]},
			"faces": {
				"north": {"uv": [6, 13, 8, 14], "texture": "#2"},
				"east": {"uv": [14, 7, 15, 8], "texture": "#2"},
				"south": {"uv": [12, 7, 14, 8], "texture": "#2"},
				"west": {"uv": [8, 15, 9, 16], "texture": "#2"},
				"up": {"uv": [10, 14, 8, 13], "texture": "#2"},
				"down": {"uv": [14, 9, 12, 10], "texture": "#2"}
			}
		},
		{
			"name": "cable",
			"from": [4.05, 8.3315, 12.4],
			"to": [5.15, 8.4315, 12.5],
			"rotation": {"angle": 0, "axis": "z", "origin": [4.1, 8.3815, 12.45]},
			"faces": {
				"north": {"uv": [2, 12, 4, 13], "texture": "#2"},
				"east": {"uv": [14, 4, 15, 5], "texture": "#2"},
				"south": {"uv": [12, 2, 14, 3], "texture": "#2"},
				"west": {"uv": [6, 14, 7, 15], "texture": "#2"},
				"up": {"uv": [6, 13, 4, 12], "texture": "#2"},
				"down": {"uv": [14, 4, 12, 5], "texture": "#2"}
			}
		},
		{
			"name": "cable",
			"from": [4.075, 8.4315, 12.4],
			"to": [5.175, 8.5315, 12.5],
			"rotation": {"angle": 0, "axis": "z", "origin": [4.125, 8.4815, 12.45]},
			"faces": {
				"north": {"uv": [2, 13, 4, 14], "texture": "#2"},
				"east": {"uv": [14, 5, 15, 6], "texture": "#2"},
				"south": {"uv": [12, 3, 14, 4], "texture": "#2"},
				"west": {"uv": [6, 15, 7, 16], "texture": "#2"},
				"up": {"uv": [6, 14, 4, 13], "texture": "#2"},
				"down": {"uv": [14, 5, 12, 6], "texture": "#2"}
			}
		},
		{
			"name": "cable",
			"from": [3.3, 9.0565, 12.4],
			"to": [4.4, 9.1565, 12.5],
			"rotation": {"angle": -45, "axis": "z", "origin": [3.35, 9.1065, 12.45]},
			"faces": {
				"north": {"uv": [10, 8, 12, 9], "texture": "#2"},
				"east": {"uv": [14, 2, 15, 3], "texture": "#2"},
				"south": {"uv": [10, 10, 12, 11], "texture": "#2"},
				"west": {"uv": [4, 14, 5, 15], "texture": "#2"},
				"up": {"uv": [2, 13, 0, 12], "texture": "#2"},
				"down": {"uv": [14, 0, 12, 1], "texture": "#2"}
			}
		},
		{
			"name": "cable",
			"from": [3.375, 9.1315, 12.4],
			"to": [4.475, 9.2315, 12.5],
			"rotation": {"angle": -45, "axis": "z", "origin": [3.425, 9.1815, 12.45]},
			"faces": {
				"north": {"uv": [10, 9, 12, 10], "texture": "#2"},
				"east": {"uv": [14, 3, 15, 4], "texture": "#2"},
				"south": {"uv": [10, 11, 12, 12], "texture": "#2"},
				"west": {"uv": [4, 15, 5, 16], "texture": "#2"},
				"up": {"uv": [2, 14, 0, 13], "texture": "#2"},
				"down": {"uv": [14, 1, 12, 2], "texture": "#2"}
			}
		},
		{
			"name": "cable",
			"from": [2.85, 9.24289, 11.8],
			"to": [2.95, 9.34289, 12.5],
			"rotation": {"angle": 45, "axis": "z", "origin": [3.35, 9.74289, 13.3]},
			"faces": {
				"north": {"uv": [10, 12, 11, 13], "texture": "#2"},
				"east": {"uv": [12, 10, 13, 11], "texture": "#2"},
				"south": {"uv": [12, 12, 13, 13], "texture": "#2"},
				"west": {"uv": [0, 14, 1, 15], "texture": "#2"},
				"up": {"uv": [15, 1, 14, 0], "texture": "#2"},
				"down": {"uv": [3, 14, 2, 15], "texture": "#2"}
			}
		},
		{
			"name": "cable",
			"from": [2.925, 9.31789, 11.8],
			"to": [3.025, 9.41789, 12.5],
			"rotation": {"angle": 45, "axis": "z", "origin": [3.425, 9.81789, 13.3]},
			"faces": {
				"north": {"uv": [10, 13, 11, 14], "texture": "#2"},
				"east": {"uv": [12, 11, 13, 12], "texture": "#2"},
				"south": {"uv": [12, 13, 13, 14], "texture": "#2"},
				"west": {"uv": [0, 15, 1, 16], "texture": "#2"},
				"up": {"uv": [15, 2, 14, 1], "texture": "#2"},
				"down": {"uv": [3, 15, 2, 16], "texture": "#2"}
			}
		},
		{
			"name": "battery",
			"from": [5.25, 5.7, 12.3],
			"to": [10.25, 7.7, 12.55],
			"rotation": {"angle": 0, "axis": "y", "origin": [9.5, 9.2, 12.3]},
			"faces": {
				"north": {"uv": [10, 0, 0, 4], "texture": "#2"},
				"east": {"uv": [11, 4, 10, 8], "texture": "#2"},
				"south": {"uv": [10, 4, 0, 8], "texture": "#2"},
				"west": {"uv": [11, 0, 10, 4], "texture": "#2"},
				"up": {"uv": [0, 9, 10, 8], "texture": "#2"},
				"down": {"uv": [0, 10, 10, 11], "texture": "#2"}
			}
		},
		{
			"name": "cable",
			"from": [12.475, 9.31789, 11.8],
			"to": [12.575, 9.41789, 12.5],
			"rotation": {"angle": -45, "axis": "z", "origin": [12.075, 9.81789, 13.3]},
			"faces": {
				"north": {"uv": [11, 13, 10, 14], "texture": "#2"},
				"east": {"uv": [1, 15, 0, 16], "texture": "#2"},
				"south": {"uv": [13, 13, 12, 14], "texture": "#2"},
				"west": {"uv": [13, 11, 12, 12], "texture": "#2"},
				"up": {"uv": [14, 2, 15, 1], "texture": "#2"},
				"down": {"uv": [2, 15, 3, 16], "texture": "#2"}
			}
		},
		{
			"name": "cable",
			"from": [12.55, 9.24289, 11.8],
			"to": [12.65, 9.34289, 12.5],
			"rotation": {"angle": -45, "axis": "z", "origin": [12.15, 9.74289, 13.3]},
			"faces": {
				"north": {"uv": [11, 12, 10, 13], "texture": "#2"},
				"east": {"uv": [1, 14, 0, 15], "texture": "#2"},
				"south": {"uv": [13, 12, 12, 13], "texture": "#2"},
				"west": {"uv": [13, 10, 12, 11], "texture": "#2"},
				"up": {"uv": [14, 1, 15, 0], "texture": "#2"},
				"down": {"uv": [2, 14, 3, 15], "texture": "#2"}
			}
		},
		{
			"name": "cable",
			"from": [11.025, 9.1315, 12.4],
			"to": [12.125, 9.2315, 12.5],
			"rotation": {"angle": 45, "axis": "z", "origin": [12.075, 9.1815, 12.45]},
			"faces": {
				"north": {"uv": [12, 9, 10, 10], "texture": "#2"},
				"east": {"uv": [5, 15, 4, 16], "texture": "#2"},
				"south": {"uv": [12, 11, 10, 12], "texture": "#2"},
				"west": {"uv": [15, 3, 14, 4], "texture": "#2"},
				"up": {"uv": [0, 14, 2, 13], "texture": "#2"},
				"down": {"uv": [12, 1, 14, 2], "texture": "#2"}
			}
		},
		{
			"name": "cable",
			"from": [11.1, 9.0565, 12.4],
			"to": [12.2, 9.1565, 12.5],
			"rotation": {"angle": 45, "axis": "z", "origin": [12.15, 9.1065, 12.45]},
			"faces": {
				"north": {"uv": [12, 8, 10, 9], "texture": "#2"},
				"east": {"uv": [5, 14, 4, 15], "texture": "#2"},
				"south": {"uv": [12, 10, 10, 11], "texture": "#2"},
				"west": {"uv": [15, 2, 14, 3], "texture": "#2"},
				"up": {"uv": [0, 13, 2, 12], "texture": "#2"},
				"down": {"uv": [12, 0, 14, 1], "texture": "#2"}
			}
		},
		{
			"name": "cable",
			"from": [10.325, 8.4315, 12.4],
			"to": [11.425, 8.5315, 12.5],
			"rotation": {"angle": 0, "axis": "z", "origin": [11.375, 8.4815, 12.45]},
			"faces": {
				"north": {"uv": [4, 13, 2, 14], "texture": "#2"},
				"east": {"uv": [7, 15, 6, 16], "texture": "#2"},
				"south": {"uv": [14, 3, 12, 4], "texture": "#2"},
				"west": {"uv": [15, 5, 14, 6], "texture": "#2"},
				"up": {"uv": [4, 14, 6, 13], "texture": "#2"},
				"down": {"uv": [12, 5, 14, 6], "texture": "#2"}
			}
		},
		{
			"name": "cable",
			"from": [10.35, 8.3315, 12.4],
			"to": [11.45, 8.4315, 12.5],
			"rotation": {"angle": 0, "axis": "z", "origin": [11.4, 8.3815, 12.45]},
			"faces": {
				"north": {"uv": [4, 12, 2, 13], "texture": "#2"},
				"east": {"uv": [7, 14, 6, 15], "texture": "#2"},
				"south": {"uv": [14, 2, 12, 3], "texture": "#2"},
				"west": {"uv": [15, 4, 14, 5], "texture": "#2"},
				"up": {"uv": [4, 13, 6, 12], "texture": "#2"},
				"down": {"uv": [12, 4, 14, 5], "texture": "#2"}
			}
		},
		{
			"name": "cable",
			"from": [9.15, 8.4815, 12.4],
			"to": [10.35, 8.5815, 12.5],
			"rotation": {"angle": 45, "axis": "z", "origin": [10.4, 8.5315, 12.45]},
			"faces": {
				"north": {"uv": [8, 13, 6, 14], "texture": "#2"},
				"east": {"uv": [9, 15, 8, 16], "texture": "#2"},
				"south": {"uv": [14, 7, 12, 8], "texture": "#2"},
				"west": {"uv": [15, 7, 14, 8], "texture": "#2"},
				"up": {"uv": [8, 14, 10, 13], "texture": "#2"},
				"down": {"uv": [12, 9, 14, 10], "texture": "#2"}
			}
		},
		{
			"name": "cable",
			"from": [9.3, 8.3065, 12.4],
			"to": [10.4, 8.4065, 12.5],
			"rotation": {"angle": 45, "axis": "z", "origin": [10.35, 8.3565, 12.45]},
			"faces": {
				"north": {"uv": [8, 12, 6, 13], "texture": "#2"},
				"east": {"uv": [9, 14, 8, 15], "texture": "#2"},
				"south": {"uv": [14, 6, 12, 7], "texture": "#2"},
				"west": {"uv": [15, 6, 14, 7], "texture": "#2"},
				"up": {"uv": [8, 13, 10, 12], "texture": "#2"},
				"down": {"uv": [12, 8, 14, 9], "texture": "#2"}
			}
		},
		{
			"name": "flashlight",
			"from": [11.65, 8.59289, 8.55],
			"to": [12.65, 9.59289, 11.55],
			"rotation": {"angle": -45, "axis": "z", "origin": [12.15, 9.09289, 10.05]},
			"faces": {
				"north": {"uv": [6, 4, 4, 6], "texture": "#1"},
				"east": {"uv": [6, 2, 0, 4], "texture": "#1"},
				"south": {"uv": [8, 0, 6, 2], "texture": "#1"},
				"west": {"uv": [6, 0, 0, 2], "texture": "#1"},
				"up": {"uv": [0, 10, 2, 4], "texture": "#1"},
				"down": {"uv": [2, 4, 4, 10], "texture": "#1"}
			}
		},
		{
			"name": "light for fl",
			"from": [11.85, 8.74289, 8.15],
			"to": [12.65, 9.54289, 8.75],
			"rotation": {"angle": -45, "axis": "z", "origin": [12.15, 9.24289, 9.65]},
			"faces": {
				"north": {"uv": [8, 2, 6, 4], "texture": "#1"},
				"east": {"uv": [7, 6, 6, 8], "texture": "#1"},
				"south": {"uv": [6, 6, 4, 8], "texture": "#1"},
				"west": {"uv": [7, 4, 6, 6], "texture": "#1"},
				"up": {"uv": [8, 1, 10, 0], "texture": "#1"},
				"down": {"uv": [8, 2, 10, 3], "texture": "#1"}
			}
		},
		{
			"name": "flashlight",
			"from": [2.85, 8.59289, 8.55],
			"to": [3.85, 9.59289, 11.55],
			"rotation": {"angle": 45, "axis": "z", "origin": [3.35, 9.09289, 10.05]},
			"faces": {
				"north": {"uv": [4, 4, 6, 6], "texture": "#1"},
				"east": {"uv": [0, 0, 6, 2], "texture": "#1"},
				"south": {"uv": [6, 0, 8, 2], "texture": "#1"},
				"west": {"uv": [0, 2, 6, 4], "texture": "#1"},
				"up": {"uv": [2, 10, 0, 4], "texture": "#1"},
				"down": {"uv": [4, 4, 2, 10], "texture": "#1"}
			}
		},
		{
			"name": "light for fl",
			"from": [2.85, 8.74289, 8.15],
			"to": [3.65, 9.54289, 8.75],
			"rotation": {"angle": 45, "axis": "z", "origin": [3.35, 9.24289, 9.65]},
			"faces": {
				"north": {"uv": [6, 2, 8, 4], "texture": "#1"},
				"east": {"uv": [6, 4, 7, 6], "texture": "#1"},
				"south": {"uv": [4, 6, 6, 8], "texture": "#1"},
				"west": {"uv": [6, 6, 7, 8], "texture": "#1"},
				"up": {"uv": [10, 1, 8, 0], "texture": "#1"},
				"down": {"uv": [10, 2, 8, 3], "texture": "#1"}
			}
		},
		{
			"name": "Helment Parts Chin",
			"from": [6.75, 4.4, 3.2],
			"to": [8.75, 5.4, 4.2],
			"rotation": {"angle": 0, "axis": "y", "origin": [7.75, 5, 3.7]},
			"faces": {
				"north": {"uv": [9, 6.5, 10, 7], "texture": "#4"},
				"east": {"uv": [4.5, 10, 5, 10.5], "texture": "#4"},
				"south": {"uv": [9, 7, 10, 7.5], "texture": "#4"},
				"west": {"uv": [10, 7, 10.5, 7.5], "texture": "#4"},
				"up": {"uv": [10, 8, 9, 7.5], "texture": "#4"},
				"down": {"uv": [7.5, 9.5, 6.5, 10], "texture": "#4"}
			}
		},
		{
			"from": [3.5, 4.7, 3.3],
			"to": [5.75, 6.7, 3.8],
			"rotation": {"angle": 0, "axis": "y", "origin": [3.75, 4.7, 3.3]},
			"faces": {
				"north": {"uv": [2, 9, 3, 10], "texture": "#4"},
				"east": {"uv": [3.5, 10, 3.75, 11], "texture": "#4"},
				"south": {"uv": [3, 9, 4, 10], "texture": "#4"},
				"west": {"uv": [4, 10, 4.25, 11], "texture": "#4"},
				"up": {"uv": [7.5, 10.25, 6.5, 10], "texture": "#4"},
				"down": {"uv": [11, 6.5, 10, 6.75], "texture": "#4"}
			}
		},
		{
			"from": [7.75, 4.7, 3.3],
			"to": [9.75, 5.7, 3.8],
			"rotation": {"angle": 0, "axis": "y", "origin": [9.75, 4.7, 3.3]},
			"faces": {
				"north": {"uv": [7.5, 9.5, 8.5, 10], "texture": "#4"},
				"east": {"uv": [11, 6, 11.25, 6.5], "texture": "#4"},
				"south": {"uv": [9.5, 9, 10.5, 9.5], "texture": "#4"},
				"west": {"uv": [11, 6.5, 11.25, 7], "texture": "#4"},
				"up": {"uv": [8.5, 10.25, 7.5, 10], "texture": "#4"},
				"down": {"uv": [11, 7.5, 10, 7.75], "texture": "#4"}
			}
		},
		{
			"from": [5.75, 4.7, 3.3],
			"to": [7.75, 5.7, 3.8],
			"rotation": {"angle": 0, "axis": "y", "origin": [5.75, 4.7, 3.3]},
			"faces": {
				"north": {"uv": [8.5, 9.5, 7.5, 10], "texture": "#4"},
				"east": {"uv": [11.25, 6.5, 11, 7], "texture": "#4"},
				"south": {"uv": [10.5, 9, 9.5, 9.5], "texture": "#4"},
				"west": {"uv": [11.25, 6, 11, 6.5], "texture": "#4"},
				"up": {"uv": [7.5, 10.25, 8.5, 10], "texture": "#4"},
				"down": {"uv": [10, 7.5, 11, 7.75], "texture": "#4"}
			}
		},
		{
			"from": [9.75, 4.7, 3.3],
			"to": [12, 6.7, 3.8],
			"rotation": {"angle": 0, "axis": "y", "origin": [11.75, 4.7, 3.3]},
			"faces": {
				"north": {"uv": [3, 9, 2, 10], "texture": "#4"},
				"east": {"uv": [4.25, 10, 4, 11], "texture": "#4"},
				"south": {"uv": [4, 9, 3, 10], "texture": "#4"},
				"west": {"uv": [3.75, 10, 3.5, 11], "texture": "#4"},
				"up": {"uv": [6.5, 10.25, 7.5, 10], "texture": "#4"},
				"down": {"uv": [10, 6.5, 11, 6.75], "texture": "#4"}
			}
		},
		{
			"from": [3.375, 5, 3.425],
			"to": [3.875, 6.7, 3.925],
			"rotation": {"angle": 0, "axis": "y", "origin": [3.375, 5, 3.425]},
			"faces": {
				"north": {"uv": [3, 4, 4, 6], "texture": "#5"},
				"east": {"uv": [4, 4, 5, 6], "texture": "#5"},
				"south": {"uv": [5, 0, 6, 2], "texture": "#5"},
				"west": {"uv": [5, 2, 6, 4], "texture": "#5"},
				"up": {"uv": [5, 7, 4, 6], "texture": "#5"},
				"down": {"uv": [7, 4, 6, 5], "texture": "#5"}
			}
		},
		{
			"from": [3.375, 5, 11.675],
			"to": [3.875, 8.7, 12.175],
			"rotation": {"angle": 0, "axis": "y", "origin": [3.375, 5, 11.675]},
			"faces": {
				"north": {"uv": [0, 0, 1, 4], "texture": "#5"},
				"east": {"uv": [1, 0, 2, 4], "texture": "#5"},
				"south": {"uv": [2, 0, 3, 4], "texture": "#5"},
				"west": {"uv": [3, 0, 4, 4], "texture": "#5"},
				"up": {"uv": [6, 7, 5, 6], "texture": "#5"},
				"down": {"uv": [7, 5, 6, 6], "texture": "#5"}
			}
		},
		{
			"from": [11.625, 5, 11.675],
			"to": [12.125, 8.7, 12.175],
			"rotation": {"angle": 0, "axis": "y", "origin": [12.125, 5, 11.675]},
			"faces": {
				"north": {"uv": [0, 4, 1, 8], "texture": "#5"},
				"east": {"uv": [4, 0, 5, 4], "texture": "#5"},
				"south": {"uv": [1, 4, 2, 8], "texture": "#5"},
				"west": {"uv": [2, 4, 3, 8], "texture": "#5"},
				"up": {"uv": [7, 7, 6, 6], "texture": "#5"},
				"down": {"uv": [8, 0, 7, 1], "texture": "#5"}
			}
		},
		{
			"from": [11.625, 5, 3.425],
			"to": [12.125, 6.7, 3.925],
			"rotation": {"angle": 0, "axis": "y", "origin": [12.125, 5, 3.425]},
			"faces": {
				"north": {"uv": [5, 4, 6, 6], "texture": "#5"},
				"east": {"uv": [6, 0, 7, 2], "texture": "#5"},
				"south": {"uv": [6, 2, 7, 4], "texture": "#5"},
				"west": {"uv": [3, 6, 4, 8], "texture": "#5"},
				"up": {"uv": [8, 2, 7, 1], "texture": "#5"},
				"down": {"uv": [8, 2, 7, 3], "texture": "#5"}
			}
		},
		{
			"name": "Helment Parts Bottom",
			"from": [3.5, 4.5, 3.55],
			"to": [12, 5, 12.05],
			"rotation": {"angle": 0, "axis": "y", "origin": [3.5, 4.5, 3.55]},
			"faces": {
				"north": {"uv": [8.5, 2, 13, 2.25], "texture": "#4"},
				"east": {"uv": [8.5, 2.5, 13, 2.75], "texture": "#4"},
				"south": {"uv": [8.5, 3, 13, 3.25], "texture": "#4"},
				"west": {"uv": [8.5, 3.5, 13, 3.75], "texture": "#4"},
				"up": {"uv": [4.5, 4.5, 0, 0], "texture": "#4"},
				"down": {"uv": [4.5, 4.5, 0, 9], "texture": "#4"}
			}
		},
		{
			"name": "Helment Parts Bottom",
			"from": [3.375, 4.6, 3.425],
			"to": [12.125, 5.1, 12.175],
			"rotation": {"angle": 0, "axis": "y", "origin": [3.375, 4.6, 3.425]},
			"faces": {
				"north": {"uv": [8.5, 2, 13, 2.25], "texture": "#4"},
				"east": {"uv": [8.5, 2.5, 13, 2.75], "texture": "#4"},
				"south": {"uv": [8.5, 3, 13, 3.25], "texture": "#4"},
				"west": {"uv": [8.5, 3.5, 13, 3.75], "texture": "#4"},
				"up": {"uv": [4.5, 4.5, 0, 0], "texture": "#4"},
				"down": {"uv": [4.5, 4.5, 0, 9], "texture": "#4"}
			}
		},
		{
			"name": "Helment Parts R",
			"from": [3.25, 4.7, 3.55],
			"to": [3.75, 6.7, 12.05],
			"rotation": {"angle": 0, "axis": "y", "origin": [3.25, 4.7, 3.55]},
			"faces": {
				"north": {"uv": [8, 10.5, 8.25, 11.5], "texture": "#4"},
				"east": {"uv": [4.5, 4, 9, 5], "texture": "#4"},
				"south": {"uv": [10.5, 8, 10.75, 9], "texture": "#4"},
				"west": {"uv": [4.5, 5, 9, 6], "texture": "#4"},
				"up": {"uv": [0.25, 13.5, 0, 9], "texture": "#4"},
				"down": {"uv": [0.75, 9, 0.5, 13.5], "texture": "#4"}
			}
		},
		{
			"name": "Helment Parts R",
			"from": [3.25, 7.2, 5.8],
			"to": [3.75, 8.2, 6.8],
			"rotation": {"angle": 0, "axis": "y", "origin": [3.25, 7.2, 5.8]},
			"faces": {
				"north": {"uv": [9.75, 11, 9.5, 11.5], "texture": "#4"},
				"east": {"uv": [11.5, 5.5, 11, 6], "texture": "#4"},
				"south": {"uv": [11.25, 9.5, 11, 10], "texture": "#4"},
				"west": {"uv": [4.5, 11, 4, 11.5], "texture": "#4"},
				"up": {"uv": [11, 10.5, 11.25, 10], "texture": "#4"},
				"down": {"uv": [11, 10.5, 11.25, 11], "texture": "#4"}
			}
		},
		{
			"name": "Helment Parts R",
			"from": [3.25, 6.7, 6.8],
			"to": [3.75, 8.7, 12.05],
			"rotation": {"angle": 0, "axis": "y", "origin": [3.25, 6.7, 6.8]},
			"faces": {
				"north": {"uv": [10.5, 9.5, 10.75, 10.5], "texture": "#4"},
				"east": {"uv": [4.5, 8, 7.25, 9], "texture": "#4"},
				"south": {"uv": [10, 10.5, 10.25, 11.5], "texture": "#4"},
				"west": {"uv": [7.5, 8, 10.25, 9], "texture": "#4"},
				"up": {"uv": [9.25, 11.75, 9, 9], "texture": "#4"},
				"down": {"uv": [5.25, 9.5, 5, 12.25], "texture": "#4"}
			}
		},
		{
			"name": "Helment Parts L",
			"from": [11.75, 6.7, 6.8],
			"to": [12.25, 8.7, 12.05],
			"rotation": {"angle": 0, "axis": "y", "origin": [12.25, 6.7, 6.8]},
			"faces": {
				"north": {"uv": [10.75, 9.5, 10.5, 10.5], "texture": "#4"},
				"east": {"uv": [10.25, 8, 7.5, 9], "texture": "#4"},
				"south": {"uv": [10.25, 10.5, 10, 11.5], "texture": "#4"},
				"west": {"uv": [7.25, 8, 4.5, 9], "texture": "#4"},
				"up": {"uv": [9, 11.75, 9.25, 9], "texture": "#4"},
				"down": {"uv": [5, 9.5, 5.25, 12.25], "texture": "#4"}
			}
		},
		{
			"name": "Helment Parts L",
			"from": [11.75, 4.7, 3.55],
			"to": [12.25, 6.7, 12.05],
			"rotation": {"angle": 0, "axis": "y", "origin": [12.25, 4.7, 3.55]},
			"faces": {
				"north": {"uv": [8.25, 10.5, 8, 11.5], "texture": "#4"},
				"east": {"uv": [9, 5, 4.5, 6], "texture": "#4"},
				"south": {"uv": [10.75, 8, 10.5, 9], "texture": "#4"},
				"west": {"uv": [9, 4, 4.5, 5], "texture": "#4"},
				"up": {"uv": [0, 13.5, 0.25, 9], "texture": "#4"},
				"down": {"uv": [0.5, 9, 0.75, 13.5], "texture": "#4"}
			}
		},
		{
			"name": "Helment Parts L",
			"from": [11.75, 6.2, 4.3],
			"to": [12.25, 7.2, 5.3],
			"rotation": {"angle": 0, "axis": "y", "origin": [12.25, 6.2, 4.3]},
			"faces": {
				"north": {"uv": [9.5, 11, 9.75, 11.5], "texture": "#4"},
				"east": {"uv": [4, 11, 4.5, 11.5], "texture": "#4"},
				"south": {"uv": [11, 9.5, 11.25, 10], "texture": "#4"},
				"west": {"uv": [11, 5.5, 11.5, 6], "texture": "#4"},
				"up": {"uv": [11.25, 10.5, 11, 10], "texture": "#4"},
				"down": {"uv": [11.25, 10.5, 11, 11], "texture": "#4"}
			}
		},
		{
			"name": "Helment Parts L",
			"from": [11.75, 7.2, 5.8],
			"to": [12.25, 8.2, 6.8],
			"rotation": {"angle": 0, "axis": "y", "origin": [12.25, 7.2, 5.8]},
			"faces": {
				"north": {"uv": [9.5, 11, 9.75, 11.5], "texture": "#4"},
				"east": {"uv": [4, 11, 4.5, 11.5], "texture": "#4"},
				"south": {"uv": [11, 9.5, 11.25, 10], "texture": "#4"},
				"west": {"uv": [11, 5.5, 11.5, 6], "texture": "#4"},
				"up": {"uv": [11.25, 10.5, 11, 10], "texture": "#4"},
				"down": {"uv": [11.25, 10.5, 11, 11], "texture": "#4"}
			}
		},
		{
			"name": "Helment Parts L",
			"from": [11.75, 6.7, 5.8],
			"to": [12.25, 7.7, 6.8],
			"rotation": {"angle": 0, "axis": "y", "origin": [12.25, 6.7, 5.8]},
			"faces": {
				"north": {"uv": [9.5, 11, 9.75, 11.5], "texture": "#4"},
				"east": {"uv": [4, 11, 4.5, 11.5], "texture": "#4"},
				"south": {"uv": [11, 9.5, 11.25, 10], "texture": "#4"},
				"west": {"uv": [11, 5.5, 11.5, 6], "texture": "#4"},
				"up": {"uv": [11.25, 10.5, 11, 10], "texture": "#4"},
				"down": {"uv": [11.25, 10.5, 11, 11], "texture": "#4"}
			}
		},
		{
			"name": "Helment Parts L",
			"from": [11.75, 6.7, 5.3],
			"to": [12.25, 7.7, 6.3],
			"rotation": {"angle": 0, "axis": "y", "origin": [12.25, 6.7, 5.3]},
			"faces": {
				"north": {"uv": [9.5, 11, 9.75, 11.5], "texture": "#4"},
				"east": {"uv": [4, 11, 4.5, 11.5], "texture": "#4"},
				"south": {"uv": [11, 9.5, 11.25, 10], "texture": "#4"},
				"west": {"uv": [11, 5.5, 11.5, 6], "texture": "#4"},
				"up": {"uv": [11.25, 10.5, 11, 10], "texture": "#4"},
				"down": {"uv": [11.25, 10.5, 11, 11], "texture": "#4"}
			}
		},
		{
			"name": "Helment Parts L",
			"from": [3.25, 6.2, 4.3],
			"to": [3.75, 7.2, 5.3],
			"rotation": {"angle": 0, "axis": "y", "origin": [3.25, 6.2, 4.3]},
			"faces": {
				"north": {"uv": [9.75, 11, 9.5, 11.5], "texture": "#4"},
				"east": {"uv": [11.5, 5.5, 11, 6], "texture": "#4"},
				"south": {"uv": [11.25, 9.5, 11, 10], "texture": "#4"},
				"west": {"uv": [4.5, 11, 4, 11.5], "texture": "#4"},
				"up": {"uv": [11, 10.5, 11.25, 10], "texture": "#4"},
				"down": {"uv": [11, 10.5, 11.25, 11], "texture": "#4"}
			}
		},
		{
			"name": "Helment Parts L",
			"from": [3.25, 6.7, 5.8],
			"to": [3.75, 7.7, 6.8],
			"rotation": {"angle": 0, "axis": "y", "origin": [3.25, 6.7, 5.8]},
			"faces": {
				"north": {"uv": [9.75, 11, 9.5, 11.5], "texture": "#4"},
				"east": {"uv": [11.5, 5.5, 11, 6], "texture": "#4"},
				"south": {"uv": [11.25, 9.5, 11, 10], "texture": "#4"},
				"west": {"uv": [4.5, 11, 4, 11.5], "texture": "#4"},
				"up": {"uv": [11, 10.5, 11.25, 10], "texture": "#4"},
				"down": {"uv": [11, 10.5, 11.25, 11], "texture": "#4"}
			}
		},
		{
			"name": "Helment Parts L",
			"from": [3.25, 6.7, 5.3],
			"to": [3.75, 7.7, 6.3],
			"rotation": {"angle": 0, "axis": "y", "origin": [3.25, 6.7, 5.3]},
			"faces": {
				"north": {"uv": [9.75, 11, 9.5, 11.5], "texture": "#4"},
				"east": {"uv": [11.5, 5.5, 11, 6], "texture": "#4"},
				"south": {"uv": [11.25, 9.5, 11, 10], "texture": "#4"},
				"west": {"uv": [4.5, 11, 4, 11.5], "texture": "#4"},
				"up": {"uv": [11, 10.5, 11.25, 10], "texture": "#4"},
				"down": {"uv": [11, 10.5, 11.25, 11], "texture": "#4"}
			}
		},
		{
			"name": "Helment Parts back",
			"from": [3.5, 4.7, 11.8],
			"to": [12, 8.7, 12.3],
			"rotation": {"angle": 0, "axis": "y", "origin": [4, 8.2, 11.8]},
			"faces": {
				"north": {"uv": [4.5, 0, 8.5, 2], "texture": "#4"},
				"east": {"uv": [8.5, 9.5, 8.75, 11.5], "texture": "#4"},
				"south": {"uv": [4.5, 2, 8.5, 4], "texture": "#4"},
				"west": {"uv": [3, 10, 3.25, 12], "texture": "#4"},
				"up": {"uv": [9, 9.25, 5, 9], "texture": "#4"},
				"down": {"uv": [13, 5, 9, 5.25], "texture": "#4"}
			}
		},
		{
			"name": "Helment Parts back",
			"from": [5.75, 8.7, 11.8],
			"to": [9.75, 9.2, 12.3],
			"rotation": {"angle": 0, "axis": "y", "origin": [6, 12.2, 11.8]},
			"faces": {
				"north": {"uv": [9, 5.5, 11, 5.75], "texture": "#4"},
				"east": {"uv": [11, 11, 11.25, 11.25], "texture": "#4"},
				"south": {"uv": [9, 6, 11, 6.25], "texture": "#4"},
				"west": {"uv": [11.5, 0, 11.75, 0.25], "texture": "#4"},
				"up": {"uv": [12, 4.25, 10, 4], "texture": "#4"},
				"down": {"uv": [12, 4.5, 10, 4.75], "texture": "#4"}
			}
		}
	],
	"display": {
		"thirdperson_righthand": {
			"rotation": [-26, 0, 0],
			"translation": [0, 0.25, -1.25],
			"scale": [0.3, 0.3, 0.3]
		},
		"thirdperson_lefthand": {
			"rotation": [-26, 0, 0],
			"translation": [0, 0.25, -0.75],
			"scale": [0.3, 0.3, 0.3]
		},
		"ground": {
			"translation": [0, 4.5, 0]
		},
		"gui": {
			"rotation": [20, 150, 0],
			"translation": [0, -1.5, 0]
		},
		"head": {
			"translation": [0.375, -1.75, 0.25],
			"scale": [1.5, 1.5, 1.5]
		},
		"fixed": {
			"rotation": [-90, 0, 0],
			"translation": [0, 0, -2.75]
		}
	},
	"groups": [
		{
			"name": "main",
			"origin": [4.8, 13, 5.7],
			"color": 0,
			"children": [0, 1, 2, 3, 4, 5, 6]
		},
		{
			"name": "Mask",
			"origin": [4, 5, 3.8],
			"color": 0,
			"children": [
				{
					"name": "battery pack",
					"origin": [3.6, 10.04289, 13.3],
					"color": 0,
					"children": [7, 8, 9, 10, 11, 12, 13, 14, 15, 16, 17, 18, 19, 20, 21, 22, 23]
				},
				{
					"name": "fl group",
					"origin": [12.4, 9.54289, 9.9],
					"color": 0,
					"children": [24, 25]
				},
				{
					"name": "fl group",
					"origin": [3.6, 9.54289, 9.9],
					"color": 0,
					"children": [26, 27]
				},
				{
					"name": "helmet",
					"origin": [4, 5, 3.8],
					"color": 0,
					"children": [
						{
							"name": "front",
							"origin": [4, 5, 3.8],
							"color": 0,
							"children": [28, 29, 30, 31, 32]
						},
						33,
						34,
						35,
						36,
						37,
						38,
						{
							"name": "Right Side",
							"origin": [3.5, 7, 6.8],
							"color": 0,
							"children": [39, 40, 41]
						},
						{
							"name": "Left side",
							"origin": [12.5, 7, 6.8],
							"color": 0,
							"children": [42, 43, 44, 45, 46, 47, 48, 49, 50]
						},
						{
							"name": "Back Part",
							"origin": [12.5, 7, 6.8],
							"color": 0,
							"children": [51, 52]
						}
					]
				}
			]
		}
	]
}