{
	"credit": "Made with Blockbench",
	"parent": "carved_pumpkin",
	"textures": {
		"0": "item/pillager_hat",
		"particle": "item/pillager_hat"
	},
	"elements": [
		{
			"name": "top part",
			"from": [3.7, 0.9, 3.7],
			"to": [11.9, 3.1, 11.9],
			"rotation": {"angle": 0, "axis": "y", "origin": [10, 1.85, 6]},
			"faces": {
				"north": {"uv": [6.5, 1, 8.75, 2], "texture": "#0"},
				"east": {"uv": [4.25, 4.5, 6.5, 5.5], "texture": "#0"},
				"south": {"uv": [6.5, 4, 8.75, 5], "texture": "#0"},
				"west": {"uv": [6.5, 3, 8.75, 4], "texture": "#0"},
				"up": {"uv": [4.25, 0, 6.5, 2.25], "texture": "#0"},
				"down": {"uv": [4.25, 2.25, 6.5, 4.5], "texture": "#0"}
			}
		},
		{
			"name": "Band",
			"from": [3.4, 0.724, 3.4],
			"to": [12.2, 2.524, 12.2],
			"rotation": {"angle": 0, "axis": "y", "origin": [10, 1.975, 6]},
			"faces": {
				"north": {"uv": [0, 10, 3, 10.75], "texture": "#0"},
				"east": {"uv": [0, 10, 3, 10.75], "texture": "#0"},
				"south": {"uv": [0, 10, 3, 10.75], "texture": "#0"},
				"west": {"uv": [0, 8.75, 5.5, 10], "texture": "#0"},
				"up": {"uv": [4.25, 5.5, 6.5, 7.75], "texture": "#0"},
				"down": {"uv": [0, 4.25, 4.25, 8.5], "texture": "#0"}
			}
		},
		{
			"name": "Brim",
			"from": [-0.2, 0.7, -0.2],
			"to": [15.8, 0.7, 15.8],
			"rotation": {"angle": 0, "axis": "y", "origin": [10, 1.85, 6]},
			"faces": {
				"up": {"uv": [0, 0, 4.25, 4.25], "rotation": 270, "texture": "#0"},
				"down": {"uv": [0, 0, 4.25, 4.25], "rotation": 90, "texture": "#0"}
			}
		},
		{
			"name": "Cross",
			"from": [6.8, 0.615, 3.125],
			"to": [8.8, 2.615, 3.125],
			"rotation": {"angle": 22.5, "axis": "x", "origin": [7.8, 1.875, 3.125]},
			"faces": {
				"north": {"uv": [9.25, 0, 15.5, 8.75], "texture": "#0"},
				"south": {"uv": [9.25, 0, 15.5, 8.75], "texture": "#0"}
			}
		},
		{
			"from": [12.4, 0.7, 6.5],
			"to": [12, 2.3, 6.1],
			"rotation": {"angle": 0, "axis": "y", "origin": [10, 1.85, 6]},
			"faces": {
				"north": {"uv": [0, 10, 0.25, 10.75], "texture": "#0"},
				"east": {"uv": [0.25, 10, 0.5, 10.75], "texture": "#0"},
				"south": {"uv": [2.75, 10, 3, 10.75], "texture": "#0"},
				"west": {"uv": [2.75, 9.93023, 3, 10.75], "texture": "#0"},
				"up": {"uv": [4.25, 2.25, 6.5, 4.5], "texture": "#0"}
			}
		},
		{
			"from": [12.4, 0.7, 7.5],
			"to": [12, 2.3, 7.1],
			"rotation": {"angle": 0, "axis": "y", "origin": [10, 1.85, 6]},
			"faces": {
				"north": {"uv": [0, 10, 0.25, 10.75], "texture": "#0"},
				"east": {"uv": [0.25, 10, 0.5, 10.75], "texture": "#0"},
				"south": {"uv": [2.75, 10, 3, 10.75], "texture": "#0"},
				"west": {"uv": [2.75, 9.93023, 3, 10.75], "texture": "#0"},
				"up": {"uv": [4.25, 2.25, 6.5, 4.5], "texture": "#0"}
			}
		},
		{
			"from": [12.4, 0.7, 8.5],
			"to": [12, 2.3, 8.1],
			"rotation": {"angle": 0, "axis": "y", "origin": [10, 1.85, 6]},
			"faces": {
				"north": {"uv": [0, 10, 0.25, 10.75], "texture": "#0"},
				"east": {"uv": [0.25, 10, 0.5, 10.75], "texture": "#0"},
				"south": {"uv": [2.75, 10, 3, 10.75], "texture": "#0"},
				"west": {"uv": [2.75, 9.93023, 3, 10.75], "texture": "#0"},
				"up": {"uv": [4.25, 2.25, 6.5, 4.5], "texture": "#0"}
			}
		}
	],
	"display": {
		"thirdperson_righthand": {
			"rotation": [-26, 0, 0],
			"translation": [0, 5.5, -4.25]
		},
		"thirdperson_lefthand": {
			"rotation": [-26, 0, 0],
			"translation": [0, 5, -3.75]
		},
		"firstperson_righthand": {
			"translation": [0, 9.5, 0]
		},
		"firstperson_lefthand": {
			"translation": [0, 8.5, 0]
		},
		"ground": {
			"translation": [0, 9.75, 0]
		},
		"gui": {
			"rotation": [39, 150, 0],
			"translation": [0, 6.25, 0]
		},
		"head": {
			"translation": [0.25, 16, 0.25],
			"scale": [1.5, 1.5, 1.5]
		},
		"fixed": {
			"rotation": [-90, 0, 0],
			"translation": [0, 0, -8]
		}
	},
	"groups": [
		{
			"name": "main",
			"origin": [4.8, 13, 5.7],
			"color": 0,
			"children": [0, 1, 2, 3, 4, 5, 6]
		}
	]
}